{
  "baseline": {
    "mode": "off",
    "blocks": 200,
    "time_s": 13.689325094223022,
    "blocks_per_s": 19.015054397746795,
    "memory_mb": 0.0006256103515625
  },
  "shadow": {
    "mode": "shadow",
    "blocks": 200,
    "time_s": 13.638867139816284,
    "blocks_per_s": 19.043742858546484,
    "memory_mb": 0.0006256103515625
  },
  "overhead": {
    "time_pct": -0.3685934409434972,
    "memory_pct": 0.0,
    "cpu_pct": -0.3685934409434972
  },
  "pass": true
}