{
  "baseline": {
    "mode": "off",
    "blocks": 200,
    "time_s": 13.005210161209106,
    "blocks_per_s": 20.36005561183479,
    "memory_mb": 0.0006256103515625
  },
  "shadow": {
    "mode": "shadow",
    "blocks": 200,
    "time_s": 13.644300937652588,
    "blocks_per_s": 19.16967283227407,
    "memory_mb": 0.0006256103515625
  },
  "overhead": {
    "time_pct": 4.91411340932967,
    "memory_pct": 0.0,
    "cpu_pct": 4.91411340932967
  },
  "pass": false
}