{
  "baseline": {
    "mode": "off",
    "blocks": 500,
    "time_s": 28.382167100906372,
    "blocks_per_s": 19.801438354564407,
    "memory_mb": 0.0006256103515625
  },
  "shadow": {
    "mode": "shadow",
    "blocks": 500,
    "time_s": 31.52524209022522,
    "blocks_per_s": 17.593259644142762,
    "memory_mb": 0.0006256103515625
  },
  "overhead": {
    "time_pct": 11.074119104944861,
    "memory_pct": 0.0,
    "cpu_pct": 11.074119104944861
  },
  "pass": false
}