{
  "baseline": {
    "mode": "off",
    "blocks": 200,
    "time_s": 13.364645004272461,
    "blocks_per_s": 19.585250965469115,
    "memory_mb": 0.0006256103515625
  },
  "shadow": {
    "mode": "shadow",
    "blocks": 200,
    "time_s": 16.295284032821655,
    "blocks_per_s": 15.51225002618011,
    "memory_mb": 0.0006256103515625
  },
  "overhead": {
    "time_pct": 21.928296842993706,
    "memory_pct": 0.0,
    "cpu_pct": 21.928296842993706
  },
  "pass": false
}