{
  "baseline": {
    "mode": "off",
    "blocks": 100,
    "time_s": 7.64106297492981,
    "blocks_per_s": 22.33571155386175,
    "memory_mb": 0.0006256103515625
  },
  "shadow": {
    "mode": "shadow",
    "blocks": 100,
    "time_s": 7.308053016662598,
    "blocks_per_s": 24.216581936905538,
    "memory_mb": 0.0006256103515625
  },
  "overhead": {
    "time_pct": -4.358162723691868,
    "memory_pct": 0.0,
    "cpu_pct": -4.358162723691868
  },
  "pass": true
}