{
  "baseline": {
    "mode": "off",
    "blocks": 500,
    "time_s": 28.074490785598755,
    "blocks_per_s": 20.098210352940875,
    "memory_mb": 0.0006256103515625
  },
  "shadow": {
    "mode": "shadow",
    "blocks": 500,
    "time_s": 29.419459104537964,
    "blocks_per_s": 19.51430761727242,
    "memory_mb": 0.0006256103515625
  },
  "overhead": {
    "time_pct": 4.790713139591944,
    "memory_pct": 0.0,
    "cpu_pct": 4.790713139591944
  },
  "pass": false
}