{
  "baseline": {
    "mode": "off",
    "blocks": 500,
    "time_s": 26.736393928527832,
    "blocks_per_s": 21.177057959668577,
    "memory_mb": 0.0006256103515625
  },
  "shadow": {
    "mode": "shadow",
    "blocks": 500,
    "time_s": 32.93291115760803,
    "blocks_per_s": 16.783990690002113,
    "memory_mb": 0.0006256103515625
  },
  "overhead": {
    "time_pct": 23.176338759986976,
    "memory_pct": 0.0,
    "cpu_pct": 23.176338759986976
  },
  "pass": false
}