{
  "baseline": {
    "mode": "off",
    "blocks": 200,
    "time_s": 13.536348104476929,
    "blocks_per_s": 19.251972334983908,
    "memory_mb": 0.0006256103515625
  },
  "shadow": {
    "mode": "shadow",
    "blocks": 200,
    "time_s": 13.93250322341919,
    "blocks_per_s": 18.527418193948836,
    "memory_mb": 0.0006256103515625
  },
  "overhead": {
    "time_pct": 2.926602624907665,
    "memory_pct": 0.0,
    "cpu_pct": 2.926602624907665
  },
  "pass": false
}