{
  "baseline": {
    "mode": "off",
    "blocks": 500,
    "time_s": 26.93822193145752,
    "blocks_per_s": 21.328237111800952,
    "memory_mb": 0.0006256103515625
  },
  "shadow": {
    "mode": "shadow",
    "blocks": 500,
    "time_s": 29.34220004081726,
    "blocks_per_s": 19.321022075611342,
    "memory_mb": 0.0006256103515625
  },
  "overhead": {
    "time_pct": 8.924041517946138,
    "memory_pct": 0.0,
    "cpu_pct": 8.924041517946138
  },
  "pass": false
}