{
  "baseline": {
    "mode": "off",
    "blocks": 500,
    "time_s": 26.769954681396484,
    "blocks_per_s": 21.693271858553402,
    "memory_mb": 0.0006256103515625
  },
  "shadow": {
    "mode": "shadow",
    "blocks": 500,
    "time_s": 26.24460506439209,
    "blocks_per_s": 21.63161009630134,
    "memory_mb": 0.0006256103515625
  },
  "overhead": {
    "time_pct": -1.9624598668800926,
    "memory_pct": 0.0,
    "cpu_pct": -1.9624598668800926
  },
  "pass": true
}