{
  "baseline": {
    "mode": "off",
    "blocks": 500,
    "time_s": 25.932007789611816,
    "blocks_per_s": 22.323008035210783,
    "memory_mb": 0.0006256103515625
  },
  "shadow": {
    "mode": "shadow",
    "blocks": 500,
    "time_s": 25.17074704170227,
    "blocks_per_s": 22.668130508857672,
    "memory_mb": 0.0006256103515625
  },
  "overhead": {
    "time_pct": -2.9356028044018316,
    "memory_pct": 0.0,
    "cpu_pct": -2.9356028044018316
  },
  "pass": true
}